Job Title,Skills,Location,Salary,Domain
Data Scientist,python machine learning pandas numpy statistics,Hyderabad,1588893,Data
Data Scientist,python machine learning pandas numpy statistics,Hyderabad,1120459,Data
Data Scientist,python machine learning pandas numpy statistics,Hyderabad,311114,Data
Data Scientist,python machine learning pandas numpy statistics,Hyderabad,960314,Data
Data Scientist,python machine learning pandas numpy statistics,Hyderabad,1298898,Data
Data Scientist,python machine learning pandas numpy statistics,Hyderabad,536678,Data
Data Scientist,python machine learning pandas numpy statistics,Hyderabad,370639,Data
Data Scientist,python machine learning pandas numpy statistics,Hyderabad,858283,Data
Data Scientist,python machine learning pandas numpy statistics,Hyderabad,758135,Data
Data Scientist,python machine learning pandas numpy statistics,Hyderabad,1430166,Data
Backend Developer,python django fastapi api,Hyderabad,1592803,Software
Backend Developer,python django fastapi api,Hyderabad,1770467,Software
Backend Developer,python django fastapi api,Hyderabad,339020,Software
Backend Developer,python django fastapi api,Hyderabad,752480,Software
Backend Developer,python django fastapi api,Hyderabad,1955166,Software
Backend Developer,python django fastapi api,Hyderabad,1477020,Software
Backend Developer,python django fastapi api,Hyderabad,1114595,Software
Backend Developer,python django fastapi api,Hyderabad,1037025,Software
Backend Developer,python django fastapi api,Hyderabad,1445493,Software
Backend Developer,python django fastapi api,Hyderabad,568302,Software
Frontend Developer,react javascript html css,Hyderabad,1153456,Software
Frontend Developer,react javascript html css,Hyderabad,690542,Software
Frontend Developer,react javascript html css,Hyderabad,409207,Software
Frontend Developer,react javascript html css,Hyderabad,694210,Software
Frontend Developer,react javascript html css,Hyderabad,1387858,Software
Frontend Developer,react javascript html css,Hyderabad,1955247,Software
Frontend Developer,react javascript html css,Hyderabad,491567,Software
Frontend Developer,react javascript html css,Hyderabad,1485634,Software
Frontend Developer,react javascript html css,Hyderabad,1278585,Software
Frontend Developer,react javascript html css,Hyderabad,418316,Software
Full Stack Developer,javascript node react mongodb,Hyderabad,1165186,Software
Full Stack Developer,javascript node react mongodb,Hyderabad,1629731,Software
Full Stack Developer,javascript node react mongodb,Hyderabad,743129,Software
Full Stack Developer,javascript node react mongodb,Hyderabad,1255561,Software
Full Stack Developer,javascript node react mongodb,Hyderabad,907667,Software
Full Stack Developer,javascript node react mongodb,Hyderabad,1274309,Software
Full Stack Developer,javascript node react mongodb,Hyderabad,1527634,Software
Full Stack Developer,javascript node react mongodb,Hyderabad,1031856,Software
Full Stack Developer,javascript node react mongodb,Hyderabad,1198209,Software
Full Stack Developer,javascript node react mongodb,Hyderabad,1481940,Software
ML Engineer,python tensorflow pytorch deep learning,Hyderabad,1656202,AI
ML Engineer,python tensorflow pytorch deep learning,Hyderabad,623950,AI
ML Engineer,python tensorflow pytorch deep learning,Hyderabad,743593,AI
ML Engineer,python tensorflow pytorch deep learning,Hyderabad,1258611,AI
ML Engineer,python tensorflow pytorch deep learning,Hyderabad,315123,AI
ML Engineer,python tensorflow pytorch deep learning,Hyderabad,1904977,AI
ML Engineer,python tensorflow pytorch deep learning,Hyderabad,1820877,AI
ML Engineer,python tensorflow pytorch deep learning,Hyderabad,842253,AI
ML Engineer,python tensorflow pytorch deep learning,Hyderabad,1872958,AI
ML Engineer,python tensorflow pytorch deep learning,Hyderabad,1233111,AI
Data Analyst,sql excel powerbi visualization,Hyderabad,425529,Analytics
Data Analyst,sql excel powerbi visualization,Hyderabad,1144109,Analytics
Data Analyst,sql excel powerbi visualization,Hyderabad,1513225,Analytics
Data Analyst,sql excel powerbi visualization,Hyderabad,506364,Analytics
Data Analyst,sql excel powerbi visualization,Hyderabad,1861824,Analytics
Data Analyst,sql excel powerbi visualization,Hyderabad,953928,Analytics
Data Analyst,sql excel powerbi visualization,Hyderabad,1455082,Analytics
Data Analyst,sql excel powerbi visualization,Hyderabad,350262,Analytics
Data Analyst,sql excel powerbi visualization,Hyderabad,1502534,Analytics
Data Analyst,sql excel powerbi visualization,Hyderabad,520387,Analytics
DevOps Engineer,docker kubernetes aws linux,Hyderabad,1166155,Cloud
DevOps Engineer,docker kubernetes aws linux,Hyderabad,840548,Cloud
DevOps Engineer,docker kubernetes aws linux,Hyderabad,1670693,Cloud
DevOps Engineer,docker kubernetes aws linux,Hyderabad,853520,Cloud
DevOps Engineer,docker kubernetes aws linux,Hyderabad,304431,Cloud
DevOps Engineer,docker kubernetes aws linux,Hyderabad,1648828,Cloud
DevOps Engineer,docker kubernetes aws linux,Hyderabad,1050931,Cloud
DevOps Engineer,docker kubernetes aws linux,Hyderabad,1297692,Cloud
DevOps Engineer,docker kubernetes aws linux,Hyderabad,1680308,Cloud
DevOps Engineer,docker kubernetes aws linux,Hyderabad,432663,Cloud
Cloud Engineer,aws azure terraform devops,Hyderabad,1859630,Cloud
Cloud Engineer,aws azure terraform devops,Hyderabad,484077,Cloud
Cloud Engineer,aws azure terraform devops,Hyderabad,1966933,Cloud
Cloud Engineer,aws azure terraform devops,Hyderabad,1453730,Cloud
Cloud Engineer,aws azure terraform devops,Hyderabad,854790,Cloud
Cloud Engineer,aws azure terraform devops,Hyderabad,581429,Cloud
Cloud Engineer,aws azure terraform devops,Hyderabad,1844510,Cloud
Cloud Engineer,aws azure terraform devops,Hyderabad,936631,Cloud
Cloud Engineer,aws azure terraform devops,Hyderabad,1631632,Cloud
Cloud Engineer,aws azure terraform devops,Hyderabad,1216631,Cloud
AI Engineer,python nlp transformers deep learning,Hyderabad,1098463,AI
AI Engineer,python nlp transformers deep learning,Hyderabad,1958495,AI
AI Engineer,python nlp transformers deep learning,Hyderabad,402375,AI
AI Engineer,python nlp transformers deep learning,Hyderabad,762721,AI
AI Engineer,python nlp transformers deep learning,Hyderabad,643073,AI
AI Engineer,python nlp transformers deep learning,Hyderabad,684286,AI
AI Engineer,python nlp transformers deep learning,Hyderabad,432031,AI
AI Engineer,python nlp transformers deep learning,Hyderabad,518870,AI
AI Engineer,python nlp transformers deep learning,Hyderabad,1671155,AI
AI Engineer,python nlp transformers deep learning,Hyderabad,820875,AI
Cyber Security Analyst,network security penetration testing,Hyderabad,371881,Cybersecurity
Cyber Security Analyst,network security penetration testing,Hyderabad,1474810,Cybersecurity
Cyber Security Analyst,network security penetration testing,Hyderabad,1277361,Cybersecurity
Cyber Security Analyst,network security penetration testing,Hyderabad,550651,Cybersecurity
Cyber Security Analyst,network security penetration testing,Hyderabad,603113,Cybersecurity
Cyber Security Analyst,network security penetration testing,Hyderabad,1419667,Cybersecurity
Cyber Security Analyst,network security penetration testing,Hyderabad,1323613,Cybersecurity
Cyber Security Analyst,network security penetration testing,Hyderabad,779412,Cybersecurity
Cyber Security Analyst,network security penetration testing,Hyderabad,1713712,Cybersecurity
Cyber Security Analyst,network security penetration testing,Hyderabad,468020,Cybersecurity
Software Engineer,java c++ data structures algorithms,Hyderabad,1233154,Software
Software Engineer,java c++ data structures algorithms,Hyderabad,589952,Software
Software Engineer,java c++ data structures algorithms,Hyderabad,1343934,Software
Software Engineer,java c++ data structures algorithms,Hyderabad,1094750,Software
Software Engineer,java c++ data structures algorithms,Hyderabad,395697,Software
Software Engineer,java c++ data structures algorithms,Hyderabad,950266,Software
Software Engineer,java c++ data structures algorithms,Hyderabad,1310712,Software
Software Engineer,java c++ data structures algorithms,Hyderabad,678588,Software
Software Engineer,java c++ data structures algorithms,Hyderabad,1011149,Software
Software Engineer,java c++ data structures algorithms,Hyderabad,968639,Software
Data Engineer,python spark sql kafka,Hyderabad,1767307,Data
Data Engineer,python spark sql kafka,Hyderabad,879109,Data
Data Engineer,python spark sql kafka,Hyderabad,1850932,Data
Data Engineer,python spark sql kafka,Hyderabad,1399551,Data
Data Engineer,python spark sql kafka,Hyderabad,589640,Data
Data Engineer,python spark sql kafka,Hyderabad,1989352,Data
Data Engineer,python spark sql kafka,Hyderabad,609654,Data
Data Engineer,python spark sql kafka,Hyderabad,327337,Data
Data Engineer,python spark sql kafka,Hyderabad,1511002,Data
Data Engineer,python spark sql kafka,Hyderabad,721038,Data
Data Scientist,python machine learning pandas numpy statistics,Bangalore,1944761,Data
Data Scientist,python machine learning pandas numpy statistics,Bangalore,879958,Data
Data Scientist,python machine learning pandas numpy statistics,Bangalore,608979,Data
Data Scientist,python machine learning pandas numpy statistics,Bangalore,1895910,Data
Data Scientist,python machine learning pandas numpy statistics,Bangalore,1291822,Data
Data Scientist,python machine learning pandas numpy statistics,Bangalore,641213,Data
Data Scientist,python machine learning pandas numpy statistics,Bangalore,1278690,Data
Data Scientist,python machine learning pandas numpy statistics,Bangalore,1780041,Data
Data Scientist,python machine learning pandas numpy statistics,Bangalore,566545,Data
Data Scientist,python machine learning pandas numpy statistics,Bangalore,1690031,Data
Backend Developer,python django fastapi api,Bangalore,1348191,Software
Backend Developer,python django fastapi api,Bangalore,1991354,Software
Backend Developer,python django fastapi api,Bangalore,583783,Software
Backend Developer,python django fastapi api,Bangalore,1030090,Software
Backend Developer,python django fastapi api,Bangalore,1194628,Software
Backend Developer,python django fastapi api,Bangalore,1454781,Software
Backend Developer,python django fastapi api,Bangalore,1570323,Software
Backend Developer,python django fastapi api,Bangalore,896207,Software
Backend Developer,python django fastapi api,Bangalore,422856,Software
Backend Developer,python django fastapi api,Bangalore,1022927,Software
Frontend Developer,react javascript html css,Bangalore,1750614,Software
Frontend Developer,react javascript html css,Bangalore,782456,Software
Frontend Developer,react javascript html css,Bangalore,1551228,Software
Frontend Developer,react javascript html css,Bangalore,835853,Software
Frontend Developer,react javascript html css,Bangalore,1889860,Software
Frontend Developer,react javascript html css,Bangalore,562028,Software
Frontend Developer,react javascript html css,Bangalore,1500059,Software
Frontend Developer,react javascript html css,Bangalore,411938,Software
Frontend Developer,react javascript html css,Bangalore,1413116,Software
Frontend Developer,react javascript html css,Bangalore,1690819,Software
Full Stack Developer,javascript node react mongodb,Bangalore,1631544,Software
Full Stack Developer,javascript node react mongodb,Bangalore,1048336,Software
Full Stack Developer,javascript node react mongodb,Bangalore,1321591,Software
Full Stack Developer,javascript node react mongodb,Bangalore,1666973,Software
Full Stack Developer,javascript node react mongodb,Bangalore,1431122,Software
Full Stack Developer,javascript node react mongodb,Bangalore,312705,Software
Full Stack Developer,javascript node react mongodb,Bangalore,1024613,Software
Full Stack Developer,javascript node react mongodb,Bangalore,603294,Software
Full Stack Developer,javascript node react mongodb,Bangalore,1483294,Software
Full Stack Developer,javascript node react mongodb,Bangalore,1483501,Software
ML Engineer,python tensorflow pytorch deep learning,Bangalore,310529,AI
ML Engineer,python tensorflow pytorch deep learning,Bangalore,1215707,AI
ML Engineer,python tensorflow pytorch deep learning,Bangalore,1861508,AI
ML Engineer,python tensorflow pytorch deep learning,Bangalore,1769925,AI
ML Engineer,python tensorflow pytorch deep learning,Bangalore,530128,AI
ML Engineer,python tensorflow pytorch deep learning,Bangalore,445895,AI
ML Engineer,python tensorflow pytorch deep learning,Bangalore,758265,AI
ML Engineer,python tensorflow pytorch deep learning,Bangalore,1404780,AI
ML Engineer,python tensorflow pytorch deep learning,Bangalore,1496527,AI
ML Engineer,python tensorflow pytorch deep learning,Bangalore,1401532,AI
Data Analyst,sql excel powerbi visualization,Bangalore,402714,Analytics
Data Analyst,sql excel powerbi visualization,Bangalore,609726,Analytics
Data Analyst,sql excel powerbi visualization,Bangalore,999690,Analytics
Data Analyst,sql excel powerbi visualization,Bangalore,1799861,Analytics
Data Analyst,sql excel powerbi visualization,Bangalore,1096783,Analytics
Data Analyst,sql excel powerbi visualization,Bangalore,1811889,Analytics
Data Analyst,sql excel powerbi visualization,Bangalore,1233106,Analytics
Data Analyst,sql excel powerbi visualization,Bangalore,880143,Analytics
Data Analyst,sql excel powerbi visualization,Bangalore,381787,Analytics
Data Analyst,sql excel powerbi visualization,Bangalore,1613641,Analytics
DevOps Engineer,docker kubernetes aws linux,Bangalore,1723823,Cloud
DevOps Engineer,docker kubernetes aws linux,Bangalore,1710283,Cloud
DevOps Engineer,docker kubernetes aws linux,Bangalore,1050572,Cloud
DevOps Engineer,docker kubernetes aws linux,Bangalore,791974,Cloud
DevOps Engineer,docker kubernetes aws linux,Bangalore,1875006,Cloud
DevOps Engineer,docker kubernetes aws linux,Bangalore,1006603,Cloud
DevOps Engineer,docker kubernetes aws linux,Bangalore,1163412,Cloud
DevOps Engineer,docker kubernetes aws linux,Bangalore,1254339,Cloud
DevOps Engineer,docker kubernetes aws linux,Bangalore,1428914,Cloud
DevOps Engineer,docker kubernetes aws linux,Bangalore,574154,Cloud
Cloud Engineer,aws azure terraform devops,Bangalore,1404409,Cloud
Cloud Engineer,aws azure terraform devops,Bangalore,1360348,Cloud
Cloud Engineer,aws azure terraform devops,Bangalore,1814028,Cloud
Cloud Engineer,aws azure terraform devops,Bangalore,1174773,Cloud
Cloud Engineer,aws azure terraform devops,Bangalore,1354596,Cloud
Cloud Engineer,aws azure terraform devops,Bangalore,1469164,Cloud
Cloud Engineer,aws azure terraform devops,Bangalore,554691,Cloud
Cloud Engineer,aws azure terraform devops,Bangalore,1010291,Cloud
Cloud Engineer,aws azure terraform devops,Bangalore,1829330,Cloud
Cloud Engineer,aws azure terraform devops,Bangalore,1132654,Cloud
AI Engineer,python nlp transformers deep learning,Bangalore,1407118,AI
AI Engineer,python nlp transformers deep learning,Bangalore,1297642,AI
AI Engineer,python nlp transformers deep learning,Bangalore,1429278,AI
AI Engineer,python nlp transformers deep learning,Bangalore,589844,AI
AI Engineer,python nlp transformers deep learning,Bangalore,1784317,AI
AI Engineer,python nlp transformers deep learning,Bangalore,758725,AI
AI Engineer,python nlp transformers deep learning,Bangalore,525594,AI
AI Engineer,python nlp transformers deep learning,Bangalore,329914,AI
AI Engineer,python nlp transformers deep learning,Bangalore,1288351,AI
AI Engineer,python nlp transformers deep learning,Bangalore,843299,AI
Cyber Security Analyst,network security penetration testing,Bangalore,1659344,Cybersecurity
Cyber Security Analyst,network security penetration testing,Bangalore,1358035,Cybersecurity
Cyber Security Analyst,network security penetration testing,Bangalore,1562153,Cybersecurity
Cyber Security Analyst,network security penetration testing,Bangalore,1843727,Cybersecurity
Cyber Security Analyst,network security penetration testing,Bangalore,1130392,Cybersecurity
Cyber Security Analyst,network security penetration testing,Bangalore,1041953,Cybersecurity
Cyber Security Analyst,network security penetration testing,Bangalore,649539,Cybersecurity
Cyber Security Analyst,network security penetration testing,Bangalore,490022,Cybersecurity
Cyber Security Analyst,network security penetration testing,Bangalore,498001,Cybersecurity
Cyber Security Analyst,network security penetration testing,Bangalore,1393991,Cybersecurity
Software Engineer,java c++ data structures algorithms,Bangalore,949417,Software
Software Engineer,java c++ data structures algorithms,Bangalore,1070678,Software
Software Engineer,java c++ data structures algorithms,Bangalore,614819,Software
Software Engineer,java c++ data structures algorithms,Bangalore,761068,Software
Software Engineer,java c++ data structures algorithms,Bangalore,1215616,Software
Software Engineer,java c++ data structures algorithms,Bangalore,618197,Software
Software Engineer,java c++ data structures algorithms,Bangalore,1520223,Software
Software Engineer,java c++ data structures algorithms,Bangalore,1365399,Software
Software Engineer,java c++ data structures algorithms,Bangalore,714663,Software
Software Engineer,java c++ data structures algorithms,Bangalore,453309,Software
Data Engineer,python spark sql kafka,Bangalore,1729704,Data
Data Engineer,python spark sql kafka,Bangalore,858586,Data
Data Engineer,python spark sql kafka,Bangalore,656511,Data
Data Engineer,python spark sql kafka,Bangalore,1751659,Data
Data Engineer,python spark sql kafka,Bangalore,1993501,Data
Data Engineer,python spark sql kafka,Bangalore,1501230,Data
Data Engineer,python spark sql kafka,Bangalore,1862462,Data
Data Engineer,python spark sql kafka,Bangalore,903315,Data
Data Engineer,python spark sql kafka,Bangalore,985123,Data
Data Engineer,python spark sql kafka,Bangalore,727728,Data
Data Scientist,python machine learning pandas numpy statistics,Pune,1889957,Data
Data Scientist,python machine learning pandas numpy statistics,Pune,918435,Data
Data Scientist,python machine learning pandas numpy statistics,Pune,754481,Data
Data Scientist,python machine learning pandas numpy statistics,Pune,1807111,Data
Data Scientist,python machine learning pandas numpy statistics,Pune,419433,Data
Data Scientist,python machine learning pandas numpy statistics,Pune,1922368,Data
Data Scientist,python machine learning pandas numpy statistics,Pune,1970600,Data
Data Scientist,python machine learning pandas numpy statistics,Pune,1315940,Data
Data Scientist,python machine learning pandas numpy statistics,Pune,1005186,Data
Data Scientist,python machine learning pandas numpy statistics,Pune,644483,Data
Backend Developer,python django fastapi api,Pune,1402720,Software
Backend Developer,python django fastapi api,Pune,1677042,Software
Backend Developer,python django fastapi api,Pune,640198,Software
Backend Developer,python django fastapi api,Pune,1415164,Software
Backend Developer,python django fastapi api,Pune,1910780,Software
Backend Developer,python django fastapi api,Pune,1205186,Software
Backend Developer,python django fastapi api,Pune,1238290,Software
Backend Developer,python django fastapi api,Pune,1259716,Software
Backend Developer,python django fastapi api,Pune,1036634,Software
Backend Developer,python django fastapi api,Pune,1825119,Software
Frontend Developer,react javascript html css,Pune,1452268,Software
Frontend Developer,react javascript html css,Pune,1957898,Software
Frontend Developer,react javascript html css,Pune,804474,Software
Frontend Developer,react javascript html css,Pune,448267,Software
Frontend Developer,react javascript html css,Pune,1360178,Software
Frontend Developer,react javascript html css,Pune,1067785,Software
Frontend Developer,react javascript html css,Pune,1193728,Software
Frontend Developer,react javascript html css,Pune,1039009,Software
Frontend Developer,react javascript html css,Pune,733671,Software
Frontend Developer,react javascript html css,Pune,1191249,Software
Full Stack Developer,javascript node react mongodb,Pune,1007323,Software
Full Stack Developer,javascript node react mongodb,Pune,1708973,Software
Full Stack Developer,javascript node react mongodb,Pune,1149915,Software
Full Stack Developer,javascript node react mongodb,Pune,1334967,Software
Full Stack Developer,javascript node react mongodb,Pune,1970838,Software
Full Stack Developer,javascript node react mongodb,Pune,1384103,Software
Full Stack Developer,javascript node react mongodb,Pune,1373677,Software
Full Stack Developer,javascript node react mongodb,Pune,835195,Software
Full Stack Developer,javascript node react mongodb,Pune,1636472,Software
Full Stack Developer,javascript node react mongodb,Pune,644454,Software
ML Engineer,python tensorflow pytorch deep learning,Pune,401682,AI
ML Engineer,python tensorflow pytorch deep learning,Pune,381713,AI
ML Engineer,python tensorflow pytorch deep learning,Pune,1982388,AI
ML Engineer,python tensorflow pytorch deep learning,Pune,1527449,AI
ML Engineer,python tensorflow pytorch deep learning,Pune,1521704,AI
ML Engineer,python tensorflow pytorch deep learning,Pune,1681567,AI
ML Engineer,python tensorflow pytorch deep learning,Pune,1532039,AI
ML Engineer,python tensorflow pytorch deep learning,Pune,302100,AI
ML Engineer,python tensorflow pytorch deep learning,Pune,1282867,AI
ML Engineer,python tensorflow pytorch deep learning,Pune,1154040,AI
Data Analyst,sql excel powerbi visualization,Pune,1152008,Analytics
Data Analyst,sql excel powerbi visualization,Pune,932913,Analytics
Data Analyst,sql excel powerbi visualization,Pune,1802676,Analytics
Data Analyst,sql excel powerbi visualization,Pune,468156,Analytics
Data Analyst,sql excel powerbi visualization,Pune,1304539,Analytics
Data Analyst,sql excel powerbi visualization,Pune,1428481,Analytics
Data Analyst,sql excel powerbi visualization,Pune,1268035,Analytics
Data Analyst,sql excel powerbi visualization,Pune,1288614,Analytics
Data Analyst,sql excel powerbi visualization,Pune,1110812,Analytics
Data Analyst,sql excel powerbi visualization,Pune,635691,Analytics
DevOps Engineer,docker kubernetes aws linux,Pune,1450090,Cloud
DevOps Engineer,docker kubernetes aws linux,Pune,1303051,Cloud
DevOps Engineer,docker kubernetes aws linux,Pune,1746385,Cloud
DevOps Engineer,docker kubernetes aws linux,Pune,561583,Cloud
DevOps Engineer,docker kubernetes aws linux,Pune,907584,Cloud
DevOps Engineer,docker kubernetes aws linux,Pune,822594,Cloud
DevOps Engineer,docker kubernetes aws linux,Pune,995462,Cloud
DevOps Engineer,docker kubernetes aws linux,Pune,1775549,Cloud
DevOps Engineer,docker kubernetes aws linux,Pune,1842512,Cloud
DevOps Engineer,docker kubernetes aws linux,Pune,1607858,Cloud
Cloud Engineer,aws azure terraform devops,Pune,1130499,Cloud
Cloud Engineer,aws azure terraform devops,Pune,1107321,Cloud
Cloud Engineer,aws azure terraform devops,Pune,734252,Cloud
Cloud Engineer,aws azure terraform devops,Pune,1969549,Cloud
Cloud Engineer,aws azure terraform devops,Pune,691977,Cloud
Cloud Engineer,aws azure terraform devops,Pune,1121639,Cloud
Cloud Engineer,aws azure terraform devops,Pune,1956339,Cloud
Cloud Engineer,aws azure terraform devops,Pune,1351698,Cloud
Cloud Engineer,aws azure terraform devops,Pune,486248,Cloud
Cloud Engineer,aws azure terraform devops,Pune,1068012,Cloud
AI Engineer,python nlp transformers deep learning,Pune,1664276,AI
AI Engineer,python nlp transformers deep learning,Pune,1716967,AI
AI Engineer,python nlp transformers deep learning,Pune,656529,AI
AI Engineer,python nlp transformers deep learning,Pune,1854296,AI
AI Engineer,python nlp transformers deep learning,Pune,494495,AI
AI Engineer,python nlp transformers deep learning,Pune,1594527,AI
AI Engineer,python nlp transformers deep learning,Pune,1821525,AI
AI Engineer,python nlp transformers deep learning,Pune,1251718,AI
AI Engineer,python nlp transformers deep learning,Pune,655828,AI
AI Engineer,python nlp transformers deep learning,Pune,360426,AI
Cyber Security Analyst,network security penetration testing,Pune,825591,Cybersecurity
Cyber Security Analyst,network security penetration testing,Pune,445628,Cybersecurity
Cyber Security Analyst,network security penetration testing,Pune,1604094,Cybersecurity
Cyber Security Analyst,network security penetration testing,Pune,634904,Cybersecurity
Cyber Security Analyst,network security penetration testing,Pune,782753,Cybersecurity
Cyber Security Analyst,network security penetration testing,Pune,1795395,Cybersecurity
Cyber Security Analyst,network security penetration testing,Pune,1467245,Cybersecurity
Cyber Security Analyst,network security penetration testing,Pune,662278,Cybersecurity
Cyber Security Analyst,network security penetration testing,Pune,962304,Cybersecurity
Cyber Security Analyst,network security penetration testing,Pune,1715675,Cybersecurity
Software Engineer,java c++ data structures algorithms,Pune,1896345,Software
Software Engineer,java c++ data structures algorithms,Pune,441968,Software
Software Engineer,java c++ data structures algorithms,Pune,1116431,Software
Software Engineer,java c++ data structures algorithms,Pune,948993,Software
Software Engineer,java c++ data structures algorithms,Pune,361347,Software
Software Engineer,java c++ data structures algorithms,Pune,1159315,Software
Software Engineer,java c++ data structures algorithms,Pune,862465,Software
Software Engineer,java c++ data structures algorithms,Pune,1454534,Software
Software Engineer,java c++ data structures algorithms,Pune,1151425,Software
Software Engineer,java c++ data structures algorithms,Pune,1391580,Software
Data Engineer,python spark sql kafka,Pune,429431,Data
Data Engineer,python spark sql kafka,Pune,822143,Data
Data Engineer,python spark sql kafka,Pune,1774521,Data
Data Engineer,python spark sql kafka,Pune,1965135,Data
Data Engineer,python spark sql kafka,Pune,478308,Data
Data Engineer,python spark sql kafka,Pune,1463586,Data
Data Engineer,python spark sql kafka,Pune,1888762,Data
Data Engineer,python spark sql kafka,Pune,1853402,Data
Data Engineer,python spark sql kafka,Pune,1567527,Data
Data Engineer,python spark sql kafka,Pune,1463772,Data
Data Scientist,python machine learning pandas numpy statistics,Chennai,551731,Data
Data Scientist,python machine learning pandas numpy statistics,Chennai,1339309,Data
Data Scientist,python machine learning pandas numpy statistics,Chennai,1103535,Data
Data Scientist,python machine learning pandas numpy statistics,Chennai,843712,Data
Data Scientist,python machine learning pandas numpy statistics,Chennai,1716548,Data
Data Scientist,python machine learning pandas numpy statistics,Chennai,1642172,Data
Data Scientist,python machine learning pandas numpy statistics,Chennai,1712194,Data
Data Scientist,python machine learning pandas numpy statistics,Chennai,1821689,Data
Data Scientist,python machine learning pandas numpy statistics,Chennai,1522264,Data
Data Scientist,python machine learning pandas numpy statistics,Chennai,908509,Data
Backend Developer,python django fastapi api,Chennai,1443109,Software
Backend Developer,python django fastapi api,Chennai,1003208,Software
Backend Developer,python django fastapi api,Chennai,1049160,Software
Backend Developer,python django fastapi api,Chennai,1444355,Software
Backend Developer,python django fastapi api,Chennai,752304,Software
Backend Developer,python django fastapi api,Chennai,589357,Software
Backend Developer,python django fastapi api,Chennai,1043420,Software
Backend Developer,python django fastapi api,Chennai,1840269,Software
Backend Developer,python django fastapi api,Chennai,1854037,Software
Backend Developer,python django fastapi api,Chennai,1286172,Software
Frontend Developer,react javascript html css,Chennai,739720,Software
Frontend Developer,react javascript html css,Chennai,556601,Software
Frontend Developer,react javascript html css,Chennai,927462,Software
Frontend Developer,react javascript html css,Chennai,1159163,Software
Frontend Developer,react javascript html css,Chennai,893711,Software
Frontend Developer,react javascript html css,Chennai,1346681,Software
Frontend Developer,react javascript html css,Chennai,1106159,Software
Frontend Developer,react javascript html css,Chennai,757182,Software
Frontend Developer,react javascript html css,Chennai,1725455,Software
Frontend Developer,react javascript html css,Chennai,659011,Software
Full Stack Developer,javascript node react mongodb,Chennai,1817724,Software
Full Stack Developer,javascript node react mongodb,Chennai,1394643,Software
Full Stack Developer,javascript node react mongodb,Chennai,867017,Software
Full Stack Developer,javascript node react mongodb,Chennai,765966,Software
Full Stack Developer,javascript node react mongodb,Chennai,1179012,Software
Full Stack Developer,javascript node react mongodb,Chennai,1184778,Software
Full Stack Developer,javascript node react mongodb,Chennai,1347875,Software
Full Stack Developer,javascript node react mongodb,Chennai,460128,Software
Full Stack Developer,javascript node react mongodb,Chennai,1739651,Software
Full Stack Developer,javascript node react mongodb,Chennai,1824930,Software
ML Engineer,python tensorflow pytorch deep learning,Chennai,1693132,AI
ML Engineer,python tensorflow pytorch deep learning,Chennai,754596,AI
ML Engineer,python tensorflow pytorch deep learning,Chennai,360253,AI
ML Engineer,python tensorflow pytorch deep learning,Chennai,1635792,AI
ML Engineer,python tensorflow pytorch deep learning,Chennai,1223636,AI
ML Engineer,python tensorflow pytorch deep learning,Chennai,1559892,AI
ML Engineer,python tensorflow pytorch deep learning,Chennai,1404209,AI
ML Engineer,python tensorflow pytorch deep learning,Chennai,911965,AI
ML Engineer,python tensorflow pytorch deep learning,Chennai,690098,AI
ML Engineer,python tensorflow pytorch deep learning,Chennai,538988,AI
Data Analyst,sql excel powerbi visualization,Chennai,848213,Analytics
Data Analyst,sql excel powerbi visualization,Chennai,1071456,Analytics
Data Analyst,sql excel powerbi visualization,Chennai,867144,Analytics
Data Analyst,sql excel powerbi visualization,Chennai,627919,Analytics
Data Analyst,sql excel powerbi visualization,Chennai,750207,Analytics
Data Analyst,sql excel powerbi visualization,Chennai,1175597,Analytics
Data Analyst,sql excel powerbi visualization,Chennai,1742040,Analytics
Data Analyst,sql excel powerbi visualization,Chennai,1168496,Analytics
Data Analyst,sql excel powerbi visualization,Chennai,515815,Analytics
Data Analyst,sql excel powerbi visualization,Chennai,1440382,Analytics
DevOps Engineer,docker kubernetes aws linux,Chennai,923420,Cloud
DevOps Engineer,docker kubernetes aws linux,Chennai,358531,Cloud
DevOps Engineer,docker kubernetes aws linux,Chennai,865195,Cloud
DevOps Engineer,docker kubernetes aws linux,Chennai,1835505,Cloud
DevOps Engineer,docker kubernetes aws linux,Chennai,1439803,Cloud
DevOps Engineer,docker kubernetes aws linux,Chennai,1158717,Cloud
DevOps Engineer,docker kubernetes aws linux,Chennai,1547712,Cloud
DevOps Engineer,docker kubernetes aws linux,Chennai,1802389,Cloud
DevOps Engineer,docker kubernetes aws linux,Chennai,1173726,Cloud
DevOps Engineer,docker kubernetes aws linux,Chennai,1058791,Cloud
Cloud Engineer,aws azure terraform devops,Chennai,1972316,Cloud
Cloud Engineer,aws azure terraform devops,Chennai,1068916,Cloud
Cloud Engineer,aws azure terraform devops,Chennai,1074681,Cloud
Cloud Engineer,aws azure terraform devops,Chennai,1680962,Cloud
Cloud Engineer,aws azure terraform devops,Chennai,302504,Cloud
Cloud Engineer,aws azure terraform devops,Chennai,1140789,Cloud
Cloud Engineer,aws azure terraform devops,Chennai,1399808,Cloud
Cloud Engineer,aws azure terraform devops,Chennai,363018,Cloud
Cloud Engineer,aws azure terraform devops,Chennai,341533,Cloud
Cloud Engineer,aws azure terraform devops,Chennai,1078112,Cloud
AI Engineer,python nlp transformers deep learning,Chennai,1214056,AI
AI Engineer,python nlp transformers deep learning,Chennai,1959224,AI
AI Engineer,python nlp transformers deep learning,Chennai,897128,AI
AI Engineer,python nlp transformers deep learning,Chennai,753065,AI
AI Engineer,python nlp transformers deep learning,Chennai,953154,AI
AI Engineer,python nlp transformers deep learning,Chennai,301994,AI
AI Engineer,python nlp transformers deep learning,Chennai,930568,AI
AI Engineer,python nlp transformers deep learning,Chennai,1446872,AI
AI Engineer,python nlp transformers deep learning,Chennai,369472,AI
AI Engineer,python nlp transformers deep learning,Chennai,967480,AI
Cyber Security Analyst,network security penetration testing,Chennai,1824627,Cybersecurity
Cyber Security Analyst,network security penetration testing,Chennai,1236480,Cybersecurity
Cyber Security Analyst,network security penetration testing,Chennai,309035,Cybersecurity
Cyber Security Analyst,network security penetration testing,Chennai,1425801,Cybersecurity
Cyber Security Analyst,network security penetration testing,Chennai,1698982,Cybersecurity
Cyber Security Analyst,network security penetration testing,Chennai,1597731,Cybersecurity
Cyber Security Analyst,network security penetration testing,Chennai,1085752,Cybersecurity
Cyber Security Analyst,network security penetration testing,Chennai,1824623,Cybersecurity
Cyber Security Analyst,network security penetration testing,Chennai,1987026,Cybersecurity
Cyber Security Analyst,network security penetration testing,Chennai,1329842,Cybersecurity
Software Engineer,java c++ data structures algorithms,Chennai,979748,Software
Software Engineer,java c++ data structures algorithms,Chennai,1212048,Software
Software Engineer,java c++ data structures algorithms,Chennai,1425767,Software
Software Engineer,java c++ data structures algorithms,Chennai,312453,Software
Software Engineer,java c++ data structures algorithms,Chennai,879158,Software
Software Engineer,java c++ data structures algorithms,Chennai,1408495,Software
Software Engineer,java c++ data structures algorithms,Chennai,1301938,Software
Software Engineer,java c++ data structures algorithms,Chennai,1405195,Software
Software Engineer,java c++ data structures algorithms,Chennai,1347023,Software
Software Engineer,java c++ data structures algorithms,Chennai,748167,Software
Data Engineer,python spark sql kafka,Chennai,405629,Data
Data Engineer,python spark sql kafka,Chennai,1664292,Data
Data Engineer,python spark sql kafka,Chennai,922440,Data
Data Engineer,python spark sql kafka,Chennai,1364966,Data
Data Engineer,python spark sql kafka,Chennai,1856804,Data
Data Engineer,python spark sql kafka,Chennai,1654138,Data
Data Engineer,python spark sql kafka,Chennai,523800,Data
Data Engineer,python spark sql kafka,Chennai,1773103,Data
Data Engineer,python spark sql kafka,Chennai,1693545,Data
Data Engineer,python spark sql kafka,Chennai,1570366,Data
Data Scientist,python machine learning pandas numpy statistics,Mumbai,1875973,Data
Data Scientist,python machine learning pandas numpy statistics,Mumbai,495240,Data
Data Scientist,python machine learning pandas numpy statistics,Mumbai,1913355,Data
Data Scientist,python machine learning pandas numpy statistics,Mumbai,809418,Data
Data Scientist,python machine learning pandas numpy statistics,Mumbai,769689,Data
Data Scientist,python machine learning pandas numpy statistics,Mumbai,1122403,Data
Data Scientist,python machine learning pandas numpy statistics,Mumbai,761635,Data
Data Scientist,python machine learning pandas numpy statistics,Mumbai,1199547,Data
Data Scientist,python machine learning pandas numpy statistics,Mumbai,1866932,Data
Data Scientist,python machine learning pandas numpy statistics,Mumbai,798616,Data
Backend Developer,python django fastapi api,Mumbai,398442,Software
Backend Developer,python django fastapi api,Mumbai,667784,Software
Backend Developer,python django fastapi api,Mumbai,895576,Software
Backend Developer,python django fastapi api,Mumbai,1060088,Software
Backend Developer,python django fastapi api,Mumbai,581539,Software
Backend Developer,python django fastapi api,Mumbai,998505,Software
Backend Developer,python django fastapi api,Mumbai,1979968,Software
Backend Developer,python django fastapi api,Mumbai,1739449,Software
Backend Developer,python django fastapi api,Mumbai,1055104,Software
Backend Developer,python django fastapi api,Mumbai,1351051,Software
Frontend Developer,react javascript html css,Mumbai,1260194,Software
Frontend Developer,react javascript html css,Mumbai,1895862,Software
Frontend Developer,react javascript html css,Mumbai,1258976,Software
Frontend Developer,react javascript html css,Mumbai,1762658,Software
Frontend Developer,react javascript html css,Mumbai,1027628,Software
Frontend Developer,react javascript html css,Mumbai,888783,Software
Frontend Developer,react javascript html css,Mumbai,390188,Software
Frontend Developer,react javascript html css,Mumbai,907076,Software
Frontend Developer,react javascript html css,Mumbai,1839436,Software
Frontend Developer,react javascript html css,Mumbai,769651,Software
Full Stack Developer,javascript node react mongodb,Mumbai,1488437,Software
Full Stack Developer,javascript node react mongodb,Mumbai,1305393,Software
Full Stack Developer,javascript node react mongodb,Mumbai,892460,Software
Full Stack Developer,javascript node react mongodb,Mumbai,1080084,Software
Full Stack Developer,javascript node react mongodb,Mumbai,1480008,Software
Full Stack Developer,javascript node react mongodb,Mumbai,860918,Software
Full Stack Developer,javascript node react mongodb,Mumbai,566208,Software
Full Stack Developer,javascript node react mongodb,Mumbai,1609571,Software
Full Stack Developer,javascript node react mongodb,Mumbai,452966,Software
Full Stack Developer,javascript node react mongodb,Mumbai,1156115,Software
ML Engineer,python tensorflow pytorch deep learning,Mumbai,1201126,AI
ML Engineer,python tensorflow pytorch deep learning,Mumbai,1569274,AI
ML Engineer,python tensorflow pytorch deep learning,Mumbai,344057,AI
ML Engineer,python tensorflow pytorch deep learning,Mumbai,1572556,AI
ML Engineer,python tensorflow pytorch deep learning,Mumbai,1296863,AI
ML Engineer,python tensorflow pytorch deep learning,Mumbai,1214807,AI
ML Engineer,python tensorflow pytorch deep learning,Mumbai,1388586,AI
ML Engineer,python tensorflow pytorch deep learning,Mumbai,657276,AI
ML Engineer,python tensorflow pytorch deep learning,Mumbai,1777353,AI
ML Engineer,python tensorflow pytorch deep learning,Mumbai,1075986,AI
Data Analyst,sql excel powerbi visualization,Mumbai,1955057,Analytics
Data Analyst,sql excel powerbi visualization,Mumbai,786233,Analytics
Data Analyst,sql excel powerbi visualization,Mumbai,1126598,Analytics
Data Analyst,sql excel powerbi visualization,Mumbai,680453,Analytics
Data Analyst,sql excel powerbi visualization,Mumbai,1239040,Analytics
Data Analyst,sql excel powerbi visualization,Mumbai,595367,Analytics
Data Analyst,sql excel powerbi visualization,Mumbai,583255,Analytics
Data Analyst,sql excel powerbi visualization,Mumbai,795530,Analytics
Data Analyst,sql excel powerbi visualization,Mumbai,1832850,Analytics
Data Analyst,sql excel powerbi visualization,Mumbai,965952,Analytics
DevOps Engineer,docker kubernetes aws linux,Mumbai,752469,Cloud
DevOps Engineer,docker kubernetes aws linux,Mumbai,1902416,Cloud
DevOps Engineer,docker kubernetes aws linux,Mumbai,1938747,Cloud
DevOps Engineer,docker kubernetes aws linux,Mumbai,825523,Cloud
DevOps Engineer,docker kubernetes aws linux,Mumbai,1301668,Cloud
DevOps Engineer,docker kubernetes aws linux,Mumbai,1436893,Cloud
DevOps Engineer,docker kubernetes aws linux,Mumbai,867381,Cloud
DevOps Engineer,docker kubernetes aws linux,Mumbai,1941117,Cloud
DevOps Engineer,docker kubernetes aws linux,Mumbai,652785,Cloud
DevOps Engineer,docker kubernetes aws linux,Mumbai,363696,Cloud
Cloud Engineer,aws azure terraform devops,Mumbai,460615,Cloud
Cloud Engineer,aws azure terraform devops,Mumbai,1112293,Cloud
Cloud Engineer,aws azure terraform devops,Mumbai,1243491,Cloud
Cloud Engineer,aws azure terraform devops,Mumbai,1122399,Cloud
Cloud Engineer,aws azure terraform devops,Mumbai,1581835,Cloud
Cloud Engineer,aws azure terraform devops,Mumbai,1244325,Cloud
Cloud Engineer,aws azure terraform devops,Mumbai,517430,Cloud
Cloud Engineer,aws azure terraform devops,Mumbai,1074871,Cloud
Cloud Engineer,aws azure terraform devops,Mumbai,693393,Cloud
Cloud Engineer,aws azure terraform devops,Mumbai,627675,Cloud
AI Engineer,python nlp transformers deep learning,Mumbai,1812667,AI
AI Engineer,python nlp transformers deep learning,Mumbai,388547,AI
AI Engineer,python nlp transformers deep learning,Mumbai,891946,AI
AI Engineer,python nlp transformers deep learning,Mumbai,805003,AI
AI Engineer,python nlp transformers deep learning,Mumbai,1824204,AI
AI Engineer,python nlp transformers deep learning,Mumbai,1734295,AI
AI Engineer,python nlp transformers deep learning,Mumbai,595311,AI
AI Engineer,python nlp transformers deep learning,Mumbai,1728402,AI
AI Engineer,python nlp transformers deep learning,Mumbai,1860199,AI
AI Engineer,python nlp transformers deep learning,Mumbai,516102,AI
Cyber Security Analyst,network security penetration testing,Mumbai,873652,Cybersecurity
Cyber Security Analyst,network security penetration testing,Mumbai,671615,Cybersecurity
Cyber Security Analyst,network security penetration testing,Mumbai,353937,Cybersecurity
Cyber Security Analyst,network security penetration testing,Mumbai,400510,Cybersecurity
Cyber Security Analyst,network security penetration testing,Mumbai,374825,Cybersecurity
Cyber Security Analyst,network security penetration testing,Mumbai,984864,Cybersecurity
Cyber Security Analyst,network security penetration testing,Mumbai,1399445,Cybersecurity
Cyber Security Analyst,network security penetration testing,Mumbai,1632054,Cybersecurity
Cyber Security Analyst,network security penetration testing,Mumbai,1099828,Cybersecurity
Cyber Security Analyst,network security penetration testing,Mumbai,1121554,Cybersecurity
Software Engineer,java c++ data structures algorithms,Mumbai,606134,Software
Software Engineer,java c++ data structures algorithms,Mumbai,1524872,Software
Software Engineer,java c++ data structures algorithms,Mumbai,1246692,Software
Software Engineer,java c++ data structures algorithms,Mumbai,858361,Software
Software Engineer,java c++ data structures algorithms,Mumbai,1105118,Software
Software Engineer,java c++ data structures algorithms,Mumbai,330792,Software
Software Engineer,java c++ data structures algorithms,Mumbai,538301,Software
Software Engineer,java c++ data structures algorithms,Mumbai,1443422,Software
Software Engineer,java c++ data structures algorithms,Mumbai,1343801,Software
Software Engineer,java c++ data structures algorithms,Mumbai,1556765,Software
Data Engineer,python spark sql kafka,Mumbai,1141619,Data
Data Engineer,python spark sql kafka,Mumbai,1073719,Data
Data Engineer,python spark sql kafka,Mumbai,1672621,Data
Data Engineer,python spark sql kafka,Mumbai,1465080,Data
Data Engineer,python spark sql kafka,Mumbai,1522816,Data
Data Engineer,python spark sql kafka,Mumbai,482647,Data
Data Engineer,python spark sql kafka,Mumbai,1182984,Data
Data Engineer,python spark sql kafka,Mumbai,788234,Data
Data Engineer,python spark sql kafka,Mumbai,1285479,Data
Data Engineer,python spark sql kafka,Mumbai,1351136,Data
Data Scientist,python machine learning pandas numpy statistics,Remote,1530325,Data
Data Scientist,python machine learning pandas numpy statistics,Remote,349657,Data
Data Scientist,python machine learning pandas numpy statistics,Remote,674097,Data
Data Scientist,python machine learning pandas numpy statistics,Remote,1180658,Data
Data Scientist,python machine learning pandas numpy statistics,Remote,622206,Data
Data Scientist,python machine learning pandas numpy statistics,Remote,1246723,Data
Data Scientist,python machine learning pandas numpy statistics,Remote,1317267,Data
Data Scientist,python machine learning pandas numpy statistics,Remote,835023,Data
Data Scientist,python machine learning pandas numpy statistics,Remote,422130,Data
Data Scientist,python machine learning pandas numpy statistics,Remote,940352,Data
Backend Developer,python django fastapi api,Remote,1073336,Software
Backend Developer,python django fastapi api,Remote,1370026,Software
Backend Developer,python django fastapi api,Remote,1634035,Software
Backend Developer,python django fastapi api,Remote,1492077,Software
Backend Developer,python django fastapi api,Remote,506304,Software
Backend Developer,python django fastapi api,Remote,1091294,Software
Backend Developer,python django fastapi api,Remote,904494,Software
Backend Developer,python django fastapi api,Remote,742930,Software
Backend Developer,python django fastapi api,Remote,968762,Software
Backend Developer,python django fastapi api,Remote,1944020,Software
Frontend Developer,react javascript html css,Remote,784399,Software
Frontend Developer,react javascript html css,Remote,1443290,Software
Frontend Developer,react javascript html css,Remote,1720978,Software
Frontend Developer,react javascript html css,Remote,738138,Software
Frontend Developer,react javascript html css,Remote,473293,Software
Frontend Developer,react javascript html css,Remote,1261648,Software
Frontend Developer,react javascript html css,Remote,1141512,Software
Frontend Developer,react javascript html css,Remote,1613347,Software
Frontend Developer,react javascript html css,Remote,779222,Software
Frontend Developer,react javascript html css,Remote,1918253,Software
Full Stack Developer,javascript node react mongodb,Remote,1783653,Software
Full Stack Developer,javascript node react mongodb,Remote,1275466,Software
Full Stack Developer,javascript node react mongodb,Remote,1090432,Software
Full Stack Developer,javascript node react mongodb,Remote,963763,Software
Full Stack Developer,javascript node react mongodb,Remote,1051688,Software
Full Stack Developer,javascript node react mongodb,Remote,1161339,Software
Full Stack Developer,javascript node react mongodb,Remote,1412758,Software
Full Stack Developer,javascript node react mongodb,Remote,660994,Software
Full Stack Developer,javascript node react mongodb,Remote,1355229,Software
Full Stack Developer,javascript node react mongodb,Remote,768161,Software
ML Engineer,python tensorflow pytorch deep learning,Remote,926267,AI
ML Engineer,python tensorflow pytorch deep learning,Remote,1738307,AI
ML Engineer,python tensorflow pytorch deep learning,Remote,951579,AI
ML Engineer,python tensorflow pytorch deep learning,Remote,1230671,AI
ML Engineer,python tensorflow pytorch deep learning,Remote,1065937,AI
ML Engineer,python tensorflow pytorch deep learning,Remote,392270,AI
ML Engineer,python tensorflow pytorch deep learning,Remote,626052,AI
ML Engineer,python tensorflow pytorch deep learning,Remote,1432112,AI
ML Engineer,python tensorflow pytorch deep learning,Remote,1014523,AI
ML Engineer,python tensorflow pytorch deep learning,Remote,1365061,AI
Data Analyst,sql excel powerbi visualization,Remote,742011,Analytics
Data Analyst,sql excel powerbi visualization,Remote,955294,Analytics
Data Analyst,sql excel powerbi visualization,Remote,1905812,Analytics
Data Analyst,sql excel powerbi visualization,Remote,726593,Analytics
Data Analyst,sql excel powerbi visualization,Remote,982743,Analytics
Data Analyst,sql excel powerbi visualization,Remote,1557533,Analytics
Data Analyst,sql excel powerbi visualization,Remote,467284,Analytics
Data Analyst,sql excel powerbi visualization,Remote,954592,Analytics
Data Analyst,sql excel powerbi visualization,Remote,1383569,Analytics
Data Analyst,sql excel powerbi visualization,Remote,1030651,Analytics
DevOps Engineer,docker kubernetes aws linux,Remote,1692710,Cloud
DevOps Engineer,docker kubernetes aws linux,Remote,820458,Cloud
DevOps Engineer,docker kubernetes aws linux,Remote,1443935,Cloud
DevOps Engineer,docker kubernetes aws linux,Remote,1832404,Cloud
DevOps Engineer,docker kubernetes aws linux,Remote,1352435,Cloud
DevOps Engineer,docker kubernetes aws linux,Remote,495484,Cloud
DevOps Engineer,docker kubernetes aws linux,Remote,346836,Cloud
DevOps Engineer,docker kubernetes aws linux,Remote,1287708,Cloud
DevOps Engineer,docker kubernetes aws linux,Remote,1249424,Cloud
DevOps Engineer,docker kubernetes aws linux,Remote,482400,Cloud
Cloud Engineer,aws azure terraform devops,Remote,505674,Cloud
Cloud Engineer,aws azure terraform devops,Remote,1605662,Cloud
Cloud Engineer,aws azure terraform devops,Remote,1394616,Cloud
Cloud Engineer,aws azure terraform devops,Remote,870152,Cloud
Cloud Engineer,aws azure terraform devops,Remote,1529594,Cloud
Cloud Engineer,aws azure terraform devops,Remote,701772,Cloud
Cloud Engineer,aws azure terraform devops,Remote,1505241,Cloud
Cloud Engineer,aws azure terraform devops,Remote,332535,Cloud
Cloud Engineer,aws azure terraform devops,Remote,835324,Cloud
Cloud Engineer,aws azure terraform devops,Remote,948189,Cloud
AI Engineer,python nlp transformers deep learning,Remote,344533,AI
AI Engineer,python nlp transformers deep learning,Remote,1770201,AI
AI Engineer,python nlp transformers deep learning,Remote,882388,AI
AI Engineer,python nlp transformers deep learning,Remote,1133737,AI
AI Engineer,python nlp transformers deep learning,Remote,730050,AI
AI Engineer,python nlp transformers deep learning,Remote,1377108,AI
AI Engineer,python nlp transformers deep learning,Remote,1567716,AI
AI Engineer,python nlp transformers deep learning,Remote,409093,AI
AI Engineer,python nlp transformers deep learning,Remote,1706289,AI
AI Engineer,python nlp transformers deep learning,Remote,1092247,AI
Cyber Security Analyst,network security penetration testing,Remote,449553,Cybersecurity
Cyber Security Analyst,network security penetration testing,Remote,1748066,Cybersecurity
Cyber Security Analyst,network security penetration testing,Remote,1330789,Cybersecurity
Cyber Security Analyst,network security penetration testing,Remote,1626745,Cybersecurity
Cyber Security Analyst,network security penetration testing,Remote,1054564,Cybersecurity
Cyber Security Analyst,network security penetration testing,Remote,906916,Cybersecurity
Cyber Security Analyst,network security penetration testing,Remote,537385,Cybersecurity
Cyber Security Analyst,network security penetration testing,Remote,391569,Cybersecurity
Cyber Security Analyst,network security penetration testing,Remote,1335389,Cybersecurity
Cyber Security Analyst,network security penetration testing,Remote,1408292,Cybersecurity
Software Engineer,java c++ data structures algorithms,Remote,855501,Software
Software Engineer,java c++ data structures algorithms,Remote,1623816,Software
Software Engineer,java c++ data structures algorithms,Remote,669856,Software
Software Engineer,java c++ data structures algorithms,Remote,1335916,Software
Software Engineer,java c++ data structures algorithms,Remote,1386883,Software
Software Engineer,java c++ data structures algorithms,Remote,1089890,Software
Software Engineer,java c++ data structures algorithms,Remote,1175155,Software
Software Engineer,java c++ data structures algorithms,Remote,673421,Software
Software Engineer,java c++ data structures algorithms,Remote,993207,Software
Software Engineer,java c++ data structures algorithms,Remote,1046273,Software
Data Engineer,python spark sql kafka,Remote,1481985,Data
Data Engineer,python spark sql kafka,Remote,1019327,Data
Data Engineer,python spark sql kafka,Remote,1954454,Data
Data Engineer,python spark sql kafka,Remote,1188116,Data
Data Engineer,python spark sql kafka,Remote,1900141,Data
Data Engineer,python spark sql kafka,Remote,1474377,Data
Data Engineer,python spark sql kafka,Remote,1222131,Data
Data Engineer,python spark sql kafka,Remote,461627,Data
Data Engineer,python spark sql kafka,Remote,1850969,Data
Data Engineer,python spark sql kafka,Remote,1335377,Data
